,Gold,Stocks,Bonds,USD,Oil
equal_weight,0.2,0.2,0.2,0.2,0.2
correlation_based,0.4,0.2,0.2,0.1,0.1
volatility_adjusted,0.3453237410071942,0.14388489208633093,0.3453237410071942,0.1079136690647482,0.05755395683453237
mean_variance_optimized,0.30158132530120474,0.22590361445783128,0.23719879518072287,0.08471385542168673,0.1506024096385542
