total_return,annual_return,volatility,sharpe_ratio,max_drawdown,win_rate,trades_count
-0.5093669499484763,-0.09934143615399027,0.024178250449931264,-4.3381725832548685,-1.0,0.22753792298716452,935
